,city,name,lat,lon
0,amsterdam,Amstelveenseweg,52.3384028,4.8575769
1,amsterdam,Jan van Galenstraat,52.3726582,4.8352937
2,amsterdam,Van der Madeweg,52.3294483,4.9305189
3,amsterdam,Overamstel,52.3317318,4.9176266
4,amsterdam,De Vlugtlaan,52.3796134,4.8382223
5,amsterdam,Gein,52.296338,4.9890129
6,amsterdam,Reigersbos,52.2956478,4.9744218
7,amsterdam,Gaasperplas,52.3113175,4.9843223
8,amsterdam,Ganzenhoef,52.3230792,4.9735502
9,amsterdam,Kraaiennest,52.3170313,4.9791233
10,amsterdam,Venserpolder,52.3267669,4.9463398
11,amsterdam,Strandvliet,52.3185355,4.9413557
12,amsterdam,Bullewijk,52.3066107,4.9522364
13,amsterdam,Heemstedestraat,52.3524713,4.8343026
14,amsterdam,Verrijn Stuartweg,52.328939,4.9662522
15,amsterdam,Spaklerweg,52.3399595,4.9210115
16,amsterdam,Wibautstraat,52.3544624,4.9120253
17,amsterdam,Nieuwmarkt,52.3713176,4.9008788
18,amsterdam,Henk Sneevlietweg,52.3464029,4.8345025
19,amsterdam,Isolatorweg,52.3951713,4.8507911
20,amsterdam,Postjesweg,52.3642921,4.8339612
21,amsterdam,Zuid,52.3392032,4.8746127
22,amsterdam,Station Sloterdijk,52.3890161,4.838877
23,amsterdam,Station RAI,52.3377124,4.8893261
24,amsterdam,Centraal Station,52.3774316,4.9009578
25,amsterdam,Europaplein,52.3416064,4.8914727
26,amsterdam,De Pijp,52.3539754,4.8906926
27,amsterdam,Vijzelgracht,52.3608169,4.8911646
28,amsterdam,Noorderpark,52.3889316,4.9187004
29,amsterdam,Noord,52.4019931,4.9323589
30,amsterdam,Centraal Station,52.3791977,4.9009058
31,athens,Μέγαρο Μουσικής,37.9790317,23.7530087
32,athens,Ευαγγελισμός,37.9761258,23.7471036
33,athens,Πανεπιστήμιο,37.9803554,23.7330199
34,athens,Βικτώρια,37.9930729,23.7302665
35,athens,Σταθμός Λαρίσης,37.9922822,23.7207199
36,athens,Μεταξουργείο,37.9858525,23.7213796
37,athens,Εθνική Άμυνα,37.999184,23.7844745
38,athens,Άγιος Δημήτριος,37.9404334,23.7407042
39,athens,Σεπόλια,38.0026101,23.7140398
40,athens,Ελαιώνας,37.9876122,23.6938539
41,athens,Άγιος Αντώνιος,38.006104,23.6997301
42,athens,Κεραμεικός,37.9787426,23.7109568
43,athens,Αιγάλεω,37.9914342,23.6818195
44,athens,Άνω Πατήσια,38.0238389,23.7360222
45,athens,Πευκάκια,38.0371241,23.7501217
46,athens,Νέα Ιωνία,38.0414993,23.7549034
47,athens,Περισσός,38.0328448,23.7447123
48,athens,Άγιος Ελευθέριος,38.0200358,23.7317451
49,athens,Κάτω Πατήσια,38.0119232,23.7286475
50,athens,Χολαργός,38.0049099,23.7947085
51,athens,Αττική,37.9995283,23.722839
52,athens,Άγιος Ιωάννης,37.9564304,23.7346855
53,athens,Ακρόπολη,37.9688593,23.7295312
54,athens,Νέος Κόσμος,37.9576705,23.7283724
55,athens,Συγγρού-Φιξ,37.9646255,23.7268179
56,athens,Αμπελόκηποι,37.9871933,23.7576802
57,athens,Πανόρμου,37.9932117,23.7635768
58,athens,Ανθούπολη,38.0171254,23.6908964
59,athens,Αγία Μαρίνα,37.9968883,23.6671177
60,athens,Άλιμος,37.918092,23.7442245
61,athens,Ηλιούπολη,37.9296605,23.7444679
62,athens,Περιστέρι,38.0128951,23.6957764
63,athens,Καλλιθέα,37.9604095,23.6969304
64,athens,Πετράλωνα,37.968347,23.7090441
65,athens,Ταύρος-Ελευθέριος Βενιζέλος,37.9624859,23.7034811
66,athens,Θησείο,37.9767658,23.7203289
67,athens,Μανιάτικα,37.9595528,23.6397846
68,athens,Πειραιάς,37.9481127,23.6423064
69,athens,Δάφνη,37.9495601,23.7372326
70,athens,Νεραντζιώτισσα,38.045158,23.7929845
71,athens,Δημοτικό Θέατρο,37.9429026,23.6475856
72,athens,Άγιος Νικόλαος,38.0069885,23.7277049
73,athens,Ηράκλειο,38.0462663,23.766037
74,athens,Αργυρούπολη,37.9030265,23.7454985
75,athens,Ειρήνη,38.0433749,23.7830457
76,athens,Μοσχάτο,37.9552355,23.6802925
77,athens,Πειραιάς,37.9481439,23.6434303
78,athens,Σύνταγμα,37.9755029,23.7357427
79,athens,Ομόνοια,37.9841128,23.7279901
80,athens,Αγία Βαρβάρα,37.9899656,23.6593325
81,athens,Κορυδαλλός,37.9770493,23.6504072
82,athens,Νίκαια,37.9657507,23.6473298
83,athens,Φάληρο,37.9450534,23.6652663
84,athens,Μοναστηράκι,37.9760959,23.7256297
85,barcelona,Ecoparc,41.3301838,2.1370899
86,barcelona,ZAL | Riu Vell,41.3237458,2.1331165
87,barcelona,El Prat Estació,41.3314023,2.0901394
88,barcelona,Les Moreres,41.3289845,2.1030715
89,barcelona,Mercabarna,41.3335696,2.1112293
90,barcelona,Badal,41.3755518,2.1289265
91,barcelona,Bon Pastor,41.4361256,2.2048081
92,barcelona,Camp de l'Arpa,41.4146858,2.1810127
93,barcelona,Can Boixeres,41.3665823,2.0915183
94,barcelona,Canyelles,41.4417701,2.1664392
95,barcelona,Collblanc,41.3758735,2.1184045
96,barcelona,Congrés-Indians,41.4234164,2.1812853
97,barcelona,Drassanes,41.3769334,2.1759836
98,barcelona,Entença,41.3839818,2.1449598
99,barcelona,Fontana,41.4021018,2.1529951
100,barcelona,Gavarra,41.3579852,2.0792152
101,barcelona,Horta,41.4296898,2.1603155
102,barcelona,Hospital Clínic,41.3881615,2.1505425
103,barcelona,Llefià,41.4413034,2.2175477
104,barcelona,Maragall,41.4250282,2.176504
105,barcelona,Maria Cristina,41.38794,2.1262221
106,barcelona,Montbau,41.4295504,2.1445379
107,barcelona,Mundet,41.4355422,2.1483831
108,barcelona,Onze de Setembre,41.4297598,2.193435
109,barcelona,Penitents,41.4175413,2.1411326
110,barcelona,Plaça del Centre,41.3820364,2.136232
111,barcelona,Pubilla Cases,41.3738133,2.1071207
112,barcelona,Roquetes,41.447355,2.1757834
113,barcelona,Tarragona,41.378444,2.1453675
114,barcelona,Vallcarca,41.4119098,2.144542
115,barcelona,Valldaura,41.4380037,2.1568764
116,barcelona,Vilapicina,41.43046,2.1681725
117,barcelona,Zona Universitària,41.3842442,2.1116863
118,barcelona,la Salut,41.442733,2.2245758
119,barcelona,les Corts,41.3841337,2.1308782
120,barcelona,Rambla Just Oliveras,41.3639652,2.0998719
121,barcelona,Sarrià,41.3988657,2.1251389
122,barcelona,Gràcia,41.3997143,2.1520847
123,barcelona,Cornellà Centre,41.3573028,2.0705523
124,barcelona,Girona,41.3950237,2.1709596
125,barcelona,Universitat,41.385731,2.1640978
126,barcelona,Sant Antoni,41.3802503,2.1633286
127,barcelona,Barcelona - Arc de Triomf,41.3921143,2.1809092
128,barcelona,Verdaguer,41.4000911,2.1684275
129,barcelona,Diagonal,41.3959412,2.1599423
130,barcelona,Provença,41.3928741,2.157979
131,barcelona,Hospital de Bellvitge,41.3446499,2.1072007
132,barcelona,El Coll | La Teixonera,41.4216569,2.1493621
133,barcelona,Bellvitge Rambla Marina,41.3509646,2.1109354
134,barcelona,Avinguda Carrilet,41.3589129,2.102483
135,barcelona,Can Serra,41.3676843,2.1027358
136,barcelona,Florida,41.3683228,2.1098316
137,barcelona,Torrassa,41.3684057,2.1166305
138,barcelona,Santa Eulàlia,41.3687993,2.1286052
139,barcelona,Hostafrancs,41.3752424,2.143419
140,barcelona,Plaça de Sants,41.3753756,2.1379127
141,barcelona,Espanya,41.3754812,2.1493272
142,barcelona,Rocafort,41.3792368,2.1545732
143,barcelona,Artigues | Sant Adrià,41.4337214,2.2175726
144,barcelona,Plaça de Catalunya (FGC),41.3857937,2.1683846
145,barcelona,Plaça Espanya,41.3747456,2.1488327
146,barcelona,Sant Josep,41.3609506,2.1103613
147,barcelona,Llucmajor-República,41.4369792,2.1733739
148,barcelona,La Sagrera (L1),41.4226234,2.1870242
149,barcelona,La Sagrera (L9N-L10),41.4204532,2.1867491
150,barcelona,La Sagrera (L5),41.4212221,2.186586
151,barcelona,Virrei Amat,41.4295936,2.1749989
152,barcelona,Sagrada Família,41.4040622,2.173924
153,barcelona,Sagrada Família,41.4039801,2.1751136
154,barcelona,Fabra i Puig,41.4297809,2.1836388
155,barcelona,Torras i Bages,41.4431273,2.1907138
156,barcelona,Reina Elisenda,41.3987898,2.119034
157,barcelona,Catalunya,41.3865465,2.170084
158,barcelona,Can Peixauet,41.4444722,2.2102857
159,barcelona,Liceu,41.3813959,2.1730711
160,barcelona,Cèntric,41.3218206,2.0935517
161,barcelona,Parc Logístic,41.3417575,2.1280783
162,barcelona,Fira,41.3519228,2.130679
163,barcelona,Europa-Fira,41.3572488,2.1256902
164,barcelona,Can Tries - Gornal,41.3607212,2.1181989
165,barcelona,Palau Reial,41.3858079,2.1178553
166,barcelona,Sants Estació,41.3814691,2.141114
167,barcelona,el Poble-sec,41.3749795,2.1605721
168,barcelona,Lesseps,41.4061724,2.1500337
169,barcelona,Sant Roc,41.4353172,2.2278605
170,barcelona,Monumental,41.4005241,2.1794545
171,barcelona,La Pau,41.4240389,2.205618
172,barcelona,Encants,41.4070747,2.1825232
173,barcelona,Verneda,41.4298896,2.2097745
174,barcelona,Magòria - la Campana,41.3678579,2.1393675
175,barcelona,Ildefons Cerdà,41.361165,2.1301693
176,barcelona,Gornal,41.3547752,2.1170729
177,barcelona,Avinguda Carrilet,41.3579267,2.1029121
178,barcelona,Bac de Roda,41.4148814,2.1951059
179,barcelona,Urquinaona,41.3880852,2.1733108
180,barcelona,Jaume I,41.3840008,2.1787061
181,barcelona,Barceloneta,41.3821171,2.1854822
182,barcelona,Ciutadella | Vila Olímpica,41.3866815,2.1929661
183,barcelona,Bogatell,41.3950987,2.1920399
184,barcelona,Llacuna,41.3993809,2.197649
185,barcelona,Poblenou,41.4036418,2.2032751
186,barcelona,Selva de Mar,41.4080147,2.2091094
187,barcelona,El Maresme | Fòrum,41.4117753,2.2166779
188,barcelona,Besòs,41.4203693,2.2097125
189,barcelona,Besòs Mar,41.4150936,2.2160851
190,barcelona,Sant Martí,41.4190565,2.2007307
191,barcelona,el Clot,41.4101394,2.1869158
192,barcelona,Tetuan,41.3948216,2.1755213
193,barcelona,Urquinaona,41.3896372,2.1745608
194,barcelona,Sants Estació,41.3798895,2.1403215
195,barcelona,Plaça Molina,41.4013354,2.1474414
196,barcelona,Pàdua,41.403344,2.1430732
197,barcelona,el Putxet,41.4058141,2.1391359
198,barcelona,Avinguda Tibidabo,41.4096598,2.1371569
199,barcelona,Sant Ildefons,41.3633432,2.0843303
200,barcelona,Can Vidalet,41.3717369,2.0997596
201,barcelona,Via Júlia,41.4438467,2.1786043
202,barcelona,el Carmel,41.4256037,2.1549579
203,barcelona,Maragall,41.4231064,2.1773979
204,barcelona,Sant Pau | Dos de Maig,41.4107312,2.175983
205,barcelona,Sant Gervasi,41.4010671,2.1470799
206,barcelona,les Tres Torres,41.3976108,2.1311837
207,barcelona,la Bonanova,41.3977857,2.1361547
208,barcelona,Santa Rosa,41.446842,2.2158135
209,barcelona,Muntaner,41.3986188,2.1428749
210,barcelona,Joanic,41.4062666,2.1631882
211,barcelona,Guinardó | Hospital de Sant Pau,41.4160751,2.174074
212,barcelona,Cornellà-Riera,41.3514715,2.0706597
213,barcelona,Almeda,41.3530362,2.0845124
214,barcelona,Alfons X,41.4121009,2.1655057
215,barcelona,Urgell,41.3824863,2.1588888
216,barcelona,Marina,41.3949958,2.1862682
217,barcelona,Glòries,41.4022111,2.1875183
218,barcelona,Navas,41.4160445,2.1869379
219,barcelona,Sant Andreu,41.4366293,2.1911382
220,barcelona,Trinitat Vella,41.4487676,2.1937366
221,barcelona,Paral·lel,41.3749142,2.1693908
222,barcelona,Paral·lel,41.375133,2.1693278
223,barcelona,Universitat,41.3848285,2.1640533
224,barcelona,el Clot,41.4102828,2.1867259
225,barcelona,La Pau,41.4236829,2.2051956
226,barcelona,Zona Universitària,41.3841003,2.1116655
227,barcelona,Verdaguer,41.399772,2.1681937
228,barcelona,Vall d’Hebron | Sant Genís,41.4249128,2.1423965
229,barcelona,Europa-Fira,41.3571111,2.1251579
230,barcelona,Diagonal,41.3944431,2.158857
231,barcelona,Passeig de Gràcia (L2),41.3894431,2.1682772
232,barcelona,Foc,41.3558512,2.1421622
233,barcelona,Foneria,41.3604566,2.1386556
234,barcelona,Provençana,41.3613875,2.1242931
235,barcelona,Ciutat de la Justícia,41.3632435,2.1330085
236,barcelona,Ernest Lluch,41.3758955,2.1120352
237,barcelona,Unknown,41.3727946,2.1333313
238,barcelona,Plaça de Sants,41.37563,2.1353228
239,barcelona,Torrassa,41.3680166,2.1156299
240,berlin,Ruhleben,52.5256744,13.2414191
241,berlin,Amrumer Straße,52.5423332,13.3501546
242,berlin,Zoologischer Garten,52.5058669,13.3330236
243,berlin,Kurfürstendamm,52.5038223,13.3314365
244,berlin,Güntzelstraße,52.4920843,13.3310064
245,berlin,Berliner Straße,52.4873298,13.3310103
246,berlin,Friedrich-Wilhelm-Platz,52.4721217,13.3287301
247,berlin,Walther-Schreiber-Platz,52.4653254,13.3282601
248,berlin,Schloßstraße,52.461481,13.3250946
249,berlin,Rathaus Steglitz,52.4567983,13.3209344
250,berlin,Theodor-Heuss-Platz,52.5099869,13.2722217
251,berlin,Neu-Westend,52.5162154,13.2592357
252,berlin,Deutsche Oper,52.511837,13.3105328
253,berlin,Ernst-Reuter-Platz,52.5118853,13.3221613
254,berlin,Lindauer Allee,52.5754161,13.3384251
255,berlin,Jannowitzbrücke,52.5153554,13.4181732
256,berlin,Innsbrucker Platz,52.478987,13.3436736
257,berlin,Bayerischer Platz,52.4885755,13.3405436
258,berlin,Hermannstraße,52.4672622,13.4314659
259,berlin,Bismarckstraße,52.5115148,13.3052393
260,berlin,Richard-Wagner-Platz,52.517387,13.306588
261,berlin,Eisenacher Straße,52.4895529,13.3501694
262,berlin,Rathaus Reinickendorf,52.5883733,13.3259254
263,berlin,Südstern,52.4892983,13.4076671
264,berlin,Yorckstraße,52.4929715,13.3706891
265,berlin,Friedrichsfelde,52.5061644,13.5128387
266,berlin,Gneisenaustraße,52.4912895,13.3958247
267,berlin,Kaiserdamm,52.5100921,13.2831263
268,berlin,Elsterwerdaer Platz,52.5052929,13.560878
269,berlin,Biesdorf-Süd,52.4996047,13.5465321
270,berlin,Rosenthaler Platz,52.5298999,13.4011206
271,berlin,Gleisdreieck,52.4995261,13.3740318
272,berlin,Gesundbrunnen,52.5488223,13.3883057
273,berlin,Wedding,52.5430625,13.3650375
274,berlin,Stadtmitte,52.5120808,13.3896554
275,berlin,Seestraße,52.5498029,13.3531176
276,berlin,Leopoldplatz,52.5463833,13.3591672
277,berlin,Frankfurter Allee,52.5136227,13.4754364
278,berlin,Naturkundemuseum,52.5312724,13.3821605
279,berlin,Voltastraße,52.5422898,13.392876
280,berlin,Moritzplatz,52.5036623,13.4107479
281,berlin,Schönleinstraße,52.4930552,13.4220572
282,berlin,Boddinstraße,52.4801685,13.425281
283,berlin,Leinestraße,52.4729787,13.4283545
284,berlin,Strausberger Platz,52.5180981,13.4315264
285,berlin,Dahlem-Dorf,52.4574096,13.2897049
286,berlin,Weberwiese,52.5167465,13.4447135
287,berlin,Grenzallee,52.4628825,13.4447716
288,berlin,Rehberge,52.5566893,13.3409843
289,berlin,Hallesches Tor,52.4977596,13.3906496
290,berlin,U Potsdamer Platz,52.5091586,13.3782147
291,berlin,Hauptbahnhof,52.5252819,13.3701242
292,berlin,Britz-Süd,52.4377918,13.4481868
293,berlin,Johannisthaler Chaussee,52.4293213,13.4533376
294,berlin,Lipschitzallee,52.4246425,13.4626984
295,berlin,Rudow,52.41617,13.4953978
296,berlin,Zwickauer Damm,52.4233803,13.4839403
297,berlin,Afrikanische Straße,52.5602382,13.3346178
298,berlin,Kurt-Schumacher-Platz,52.5632274,13.327129
299,berlin,Scharnweberstraße,52.5668172,13.3126219
300,berlin,Otisstraße,52.5710338,13.3029254
301,berlin,Holzhauser Straße,52.575692,13.2961132
302,berlin,Borsigwerke,52.5818407,13.2905918
303,berlin,Brandenburger Tor,52.5166047,13.3809897
304,berlin,Neukölln,52.4685956,13.4418203
305,berlin,Weinmeisterstraße,52.5254666,13.4050194
306,berlin,U Friedrichstraße,52.5202635,13.3882862
307,berlin,Mohrenstraße,52.5117915,13.3850915
308,berlin,Warschauer Straße,52.505014,13.4490065
309,berlin,Krumme Lanke,52.4434481,13.2413921
310,berlin,Görlitzer Bahnhof,52.4992628,13.4280355
311,berlin,Klosterstraße,52.5172347,13.4124323
312,berlin,Schillingstraße,52.52079,13.4211125
313,berlin,Frankfurter Tor,52.515818,13.4539745
314,berlin,Schlesisches Tor,52.5008341,13.4414625
315,berlin,Westhafen,52.536735,13.3425741
316,berlin,Prinzenstraße,52.4983972,13.40591
317,berlin,Alt-Mariendorf,52.4396754,13.3875138
318,berlin,Platz der Luftbrücke,52.4860843,13.3859508
319,berlin,Paracelsus-Bad,52.5742433,13.348511
320,berlin,Residenzstraße,52.5711895,13.3604739
321,berlin,Franz-Neumann-Platz,52.5645392,13.3639236
322,berlin,Vinetastraße,52.5593248,13.413278
323,berlin,Kaiserin-Augusta-Straße,52.4599764,13.3846346
324,berlin,Westphalweg,52.4462674,13.3856905
325,berlin,Kottbusser Tor,52.4989853,13.4183107
326,berlin,Sophie-Charlotte-Platz,52.5109137,13.2963306
327,berlin,Nollendorfplatz,52.4995972,13.3537297
328,berlin,Spittelmarkt,52.5112959,13.4041155
329,berlin,Kurfürstenstraße,52.4999599,13.3619411
330,berlin,Schwartzkopffstraße,52.5351574,13.377318
331,berlin,Senefelderplatz,52.5323899,13.4126861
332,berlin,Konstanzer Straße,52.4945315,13.3090745
333,berlin,Karl-Marx-Straße,52.4762696,13.4393375
334,berlin,Oranienburger Tor,52.5255998,13.3873583
335,berlin,Adenauerplatz,52.5000028,13.3073226
336,berlin,Cottbusser Platz,52.5338331,13.5964015
337,berlin,Kaulsdorf-Nord,52.5211535,13.5889176
338,berlin,Magdalenenstraße,52.5124541,13.4870792
339,berlin,Kienberg (Gärten der Welt),52.5286152,13.5906369
340,berlin,Nauener Platz,52.5514056,13.3671696
341,berlin,Mendelssohn-Bartholdy-Park,52.503724,13.3748605
342,berlin,Möckernbrücke,52.4986927,13.383123
343,berlin,Pankstraße,52.5522617,13.3814583
344,berlin,Samariterstraße,52.5147399,13.4644405
345,berlin,Hönow,52.5384335,13.633123
346,berlin,Bülowstraße,52.4975858,13.3632209
347,berlin,Hausvogteiplatz,52.5133502,13.395591
348,berlin,Alt-Tempelhof,52.4655217,13.3856299
349,berlin,Ullsteinstraße,52.4537449,13.3844659
350,berlin,Mehringdamm,52.4941308,13.3886168
351,berlin,Paradestraße,52.4780189,13.3862561
352,berlin,Lichtenberg,52.5111151,13.4986022
353,berlin,Onkel Toms Hütte,52.4498912,13.2530752
354,berlin,Oskar-Helene-Heim,52.4503608,13.2690711
355,berlin,Freie Universität (Thielplatz),52.4510388,13.281744
356,berlin,Uhlandstraße,52.5028118,13.3266968
357,berlin,Wittenbergplatz,52.5017976,13.3430005
358,berlin,Hansaplatz,52.518008,13.3420365
359,berlin,Birkenstraße,52.5323818,13.3413533
360,berlin,Blaschkoallee,52.4520801,13.4492022
361,berlin,Blissestraße,52.4864895,13.3205449
362,berlin,Breitenbachplatz,52.4670266,13.3088711
363,berlin,Osloer Straße,52.5571597,13.3732715
364,berlin,Bundestag,52.5201123,13.3729545
365,berlin,Turmstraße,52.5261489,13.3412971
366,berlin,Siemensdamm,52.5367748,13.2727638
367,berlin,Tierpark,52.4977241,13.5229595
368,berlin,Alexanderplatz,52.5215849,13.4139082
369,berlin,Jungfernheide,52.5307879,13.3006301
370,berlin,Louis-Lewin-Straße,52.538977,13.6183463
371,berlin,Hellersdorf,52.5366883,13.606672
372,berlin,Märkisches Museum,52.5123348,13.4101754
373,berlin,Rathaus Spandau,52.5351709,13.1997742
374,berlin,Kleistpark,52.4903665,13.3602198
375,berlin,Kochstraße/Checkpoint Charlie,52.5060447,13.3906125
376,berlin,Rathaus Schöneberg,52.4831773,13.341972
377,berlin,Viktoria-Luise-Platz,52.4961755,13.3431855
378,berlin,Rüdesheimer Platz,52.4732464,13.314415
379,berlin,Podbielskiallee,52.4641033,13.2957519
380,berlin,Augsburger Straße,52.5004423,13.3364644
381,berlin,Heidelberger Platz,52.4797961,13.3128835
382,berlin,Hohenzollernplatz,52.4940847,13.3247547
383,berlin,Spichernstraße,52.4964453,13.3310091
384,berlin,Fehrbelliner Platz,52.4905442,13.3151361
385,berlin,Hermannplatz,52.4862857,13.4245531
386,berlin,Rathaus Neukölln,52.4816522,13.4341793
387,berlin,Parchimer Allee,52.4447743,13.4495999
388,berlin,Jakob-Kaiser-Platz,52.5362794,13.2933009
389,berlin,Wilmersdorfer Straße,52.5066749,13.3066372
390,berlin,Zitadelle,52.537652,13.2175358
391,berlin,Paulsternstraße,52.5379819,13.2478176
392,berlin,Halemweg,52.5366262,13.2861036
393,berlin,Reinickendorfer Straße,52.5400429,13.3702888
394,berlin,Schönhauser Allee,52.5494885,13.4137114
395,berlin,Karl-Bonhoeffer-Nervenklinik,52.5786231,13.3335031
396,berlin,Rosa-Luxemburg-Platz,52.5276951,13.4104868
397,berlin,Mierendorffplatz,52.5263437,13.3047721
398,berlin,Pankow,52.56678,13.4117203
399,berlin,Haselhorst,52.5387183,13.2330942
400,berlin,Stadtmitte,52.5106178,13.3898514
401,berlin,Hallesches Tor,52.4990257,13.3917126
402,berlin,Möckernbrücke,52.4991179,13.3828981
403,berlin,Bundesplatz,52.4776476,13.3285001
404,berlin,Rohrdamm,52.5369951,13.262306
405,berlin,Tempelhof,52.469568,13.385629
406,berlin,U Olympia-Stadion,52.5168643,13.2504479
407,berlin,Heinrich-Heine-Straße,52.5104484,13.4160272
408,berlin,Eberswalder Straße,52.5415154,13.4121769
409,berlin,Bernauer Straße,52.5374381,13.3966175
410,berlin,Alt-Tegel,52.5894565,13.2837514
411,berlin,Altstadt Spandau,52.5388381,13.2062573
412,berlin,Wutzkyallee,52.4233264,13.4745668
413,berlin,Unter den Linden,52.5169884,13.38882
414,berlin,Rotes Rathaus,52.5188425,13.4080828
415,berlin,Museumsinsel,52.5172626,13.3988844
416,budapest,Mexikói út,47.5195853,19.0908328
417,budapest,Széchenyi fürdő,47.5174782,19.0812753
418,budapest,Hősök tere,47.5142154,19.0767759
419,budapest,Bajza utca,47.5113872,19.0725445
420,budapest,Kodály körönd,47.5092606,19.0693504
421,budapest,Vörösmarty utca,47.5072389,19.0663322
422,budapest,Oktogon,47.5049451,19.0629388
423,budapest,Kőbánya-Kispest,47.4637172,19.1480153
424,budapest,Határ út,47.4658802,19.1259189
425,budapest,Pöttyös utca,47.4681934,19.1180315
426,budapest,Ecseri út,47.4708589,19.1107643
427,budapest,Népliget,47.4752959,19.0999512
428,budapest,Nagyvárad tér,47.4786668,19.090409
429,budapest,Semmelweis Klinikák,47.4832585,19.0779227
430,budapest,Corvin-negyed,47.4852808,19.0717478
431,budapest,Ferenciek tere,47.4924499,19.0562944
432,budapest,Vörösmarty tér,47.4966817,19.0503341
433,budapest,Bajcsy-Zsilinszky út,47.4999169,19.0553753
434,budapest,Opera,47.5022938,19.0589493
435,budapest,Arany János utca,47.5040834,19.0546254
436,budapest,Nyugati pályaudvar,47.5112369,19.0564841
437,budapest,Lehel tér,47.5182391,19.0605508
438,budapest,Kelenföld vasútállomás,47.4643298,19.0201331
439,budapest,Bikás park,47.4650396,19.0329092
440,budapest,Újbuda-központ,47.4732151,19.046184
441,budapest,Móricz Zsigmond körtér,47.4769307,19.0474068
442,budapest,Szent Gellért tér – Műegyetem,47.4828961,19.054507
443,budapest,Kálvin tér,47.4898678,19.0613318
444,budapest,Rákóczi tér,47.4927304,19.0719578
445,budapest,II. János Pál pápa tér,47.4958303,19.0775339
446,budapest,Örs vezér tere,47.502803,19.1350725
447,budapest,Pillangó utca,47.5011832,19.1198882
448,budapest,Puskás Ferenc Stadion,47.5002664,19.1059888
449,budapest,Keleti pályaudvar,47.499596,19.0822564
450,budapest,Astoria,47.494731,19.0614379
451,budapest,Deák Ferenc tér,47.4983508,19.0535905
452,budapest,Kossuth Lajos tér,47.5057199,19.0449808
453,budapest,Batthyány tér,47.5068724,19.037782
454,budapest,Széll Kálmán tér,47.5077151,19.0263255
455,budapest,Déli pályaudvar,47.5008855,19.0245985
456,budapest,Gyöngyösi utca,47.5490555,19.0733534
457,budapest,Göncz Árpád városközpont,47.532679,19.0667774
458,budapest,Dózsa György út,47.5249055,19.0634163
459,budapest,Forgách utca,47.5389554,19.0694521
460,budapest,Újpest-városkapu,47.5593306,19.0804103
461,budapest,Újpest-központ,47.5603263,19.0906475
462,budapest,Fővám tér,47.48619,19.0577067
463,budapest,Blaha Lujza tér,47.4968269,19.0697531
464,budapest,Kálvin tér,47.4890817,19.061432
465,budapest,Keleti pályaudvar,47.5002118,19.0813128
466,budapest,Deák Ferenc tér,47.4980848,19.0543468
467,budapest,Deák Ferenc tér,47.4977188,19.0537581
468,lisbon,Praça de Espanha,38.737684,-9.1592473
469,lisbon,Jardim Zoológico,38.7420882,-9.1689132
470,lisbon,Laranjeiras,38.7482497,-9.1730362
471,lisbon,Alto dos Moinhos,38.7498954,-9.1797946
472,lisbon,Carnide,38.7592285,-9.1927134
473,lisbon,Amadora Este,38.7584244,-9.2183301
474,lisbon,Reboleira,38.7521979,-9.2241149
475,lisbon,Marquês de Pombal,38.7246753,-9.1498491
476,lisbon,Cabo Ruivo,38.7629244,-9.1040544
477,lisbon,Chelas,38.754825,-9.1138702
478,lisbon,Bela Vista,38.7475354,-9.1176623
479,lisbon,Olaias,38.7394653,-9.1239461
480,lisbon,Colégio Militar/Luz,38.7534028,-9.1892731
481,lisbon,Parque,38.7298016,-9.1500461
482,lisbon,Avenida,38.7190194,-9.1448139
483,lisbon,Rato,38.7201029,-9.1548389
484,lisbon,Campo Pequeno,38.7411145,-9.1467836
485,lisbon,Cidade Universitária,38.7515195,-9.1590395
486,lisbon,Lumiar,38.7729284,-9.1592549
487,lisbon,Ameixoeira,38.779605,-9.1594573
488,lisbon,Odivelas,38.7932694,-9.172982
489,lisbon,Entrecampos,38.7470462,-9.1482017
490,lisbon,Santa Apolónia,38.7136899,-9.1224537
491,london,Shepherd's Bush Market,51.50607,-0.2263134
492,london,Sloane Square,51.4922264,-0.1558767
493,london,Mansion House,51.5118924,-0.0952228
494,london,Clapham North,51.4651241,-0.1299205
495,london,Oval,51.4818339,-0.1123953
496,london,Kennington,51.4882861,-0.1058829
497,london,St. James's Park,51.4992816,-0.1345942
498,london,Westminster,51.5013562,-0.1249302
499,london,Brixton,51.4626818,-0.1147325
500,london,Clapham South,51.4527671,-0.1476057
501,london,Old Street,51.5256284,-0.0876094
502,london,King's Cross St Pancras,51.530609,-0.1239491
503,london,Stockwell,51.472211,-0.1225014
504,london,Arsenal,51.5583839,-0.1074866
505,london,Pimlico,51.4892267,-0.1334879
506,london,Victoria,51.4963688,-0.1431522
507,london,Finsbury Park,51.5648345,-0.1064144
508,london,Baker Street,51.5225862,-0.1567349
509,london,"Paddington (Bakerloo, Circle and District lines)",51.5154795,-0.175365
510,london,Bank,51.5131048,-0.0893749
511,london,Barons Court,51.4903477,-0.2144055
512,london,Angel,51.5324874,-0.1060356
513,london,Camden Town,51.5394397,-0.1426957
514,london,Tufnell Park,51.5568005,-0.138457
515,london,"Edgware Road (Circle, District and Hammersmith & City lines)",51.5201935,-0.1667636
516,london,Whitechapel,51.5195786,-0.0606907
517,london,Barbican,51.5201501,-0.0986832
518,london,Bond Street,51.5145318,-0.1491929
519,london,Chancery Lane,51.5181074,-0.1123604
520,london,Mile End,51.5253378,-0.033435
521,london,Monument,51.5106328,-0.0861271
522,london,Farringdon,51.5201871,-0.1048397
523,london,Leicester Square,51.5114642,-0.1282641
524,london,London Liverpool Street,51.518043,-0.0817735
525,london,Cannon Street,51.5113812,-0.0903632
526,london,Piccadilly Circus,51.5098192,-0.1345484
527,london,Waterloo,51.5030015,-0.1139812
528,london,Charing Cross,51.5079664,-0.1263945
529,london,Elephant & Castle,51.4948884,-0.1005731
530,london,Euston,51.5282865,-0.1338745
531,london,Holborn,51.5171149,-0.1200657
532,london,Ravenscourt Park,51.4941293,-0.2357932
533,london,Blackfriars,51.5115854,-0.1037671
534,london,Lambeth North,51.4989328,-0.1120142
535,london,Aldgate,51.5142477,-0.0757186
536,london,Southfields,51.4457751,-0.2066142
537,london,Vauxhall,51.4860091,-0.1248604
538,london,London Bridge,51.5048764,-0.0851473
539,london,Upton Park,51.5351062,0.0339842
540,london,Clapham Common,51.4620748,-0.1373589
541,london,White City,51.5119347,-0.2242361
542,london,Paddington (Circle and Hammersmith & City lines),51.5185075,-0.1787546
543,london,Aldgate East,51.5156185,-0.070839
544,london,Parsons Green,51.4750837,-0.201549
545,london,Fulham Broadway,51.4808834,-0.1943493
546,london,Plaistow,51.5311544,0.0166833
547,london,Bow Road,51.5268535,-0.024789
548,london,Stepney Green,51.5217026,-0.0467147
549,london,West Kensington,51.4907023,-0.2059442
550,london,West Brompton,51.4869765,-0.1951854
551,london,Knightsbridge,51.5015961,-0.160937
552,london,Mornington Crescent,51.5340608,-0.1380918
553,london,Putney Bridge,51.4682995,-0.2087947
554,london,Hyde Park Corner,51.5027264,-0.1543249
555,london,Lancaster Gate,51.5118458,-0.175108
556,london,Finchley Road,51.5472307,-0.1806964
557,london,South Kensington,51.4940494,-0.1730439
558,london,Edgware Road (Bakerloo line),51.5204575,-0.1702993
559,london,Marylebone,51.5222363,-0.1635046
560,london,Embankment,51.5072143,-0.1222409
561,london,Notting Hill Gate,51.5089252,-0.1961978
562,london,Southwark,51.503925,-0.1049663
563,london,Kentish Town,51.5501727,-0.1388654
564,london,Warwick Avenue,51.5229834,-0.1833083
565,london,Tottenham Court Road,51.5159715,-0.1305125
566,london,Hammersmith (Circle and Hammersmith & City lines),51.494109,-0.2250607
567,london,St. Paul's,51.5154195,-0.0987321
568,london,Hampstead,51.5565973,-0.1784251
569,london,Belsize Park,51.5503088,-0.1646146
570,london,Holloway Road,51.5528674,-0.1130095
571,london,Swiss Cottage,51.543722,-0.174982
572,london,Wood Lane,51.5101068,-0.2237557
573,london,Russell Square,51.5230529,-0.1242529
574,london,Caledonian Road,51.548482,-0.1183585
575,london,Chalk Farm,51.5441141,-0.1534811
576,london,Oxford Circus,51.5151808,-0.1410118
577,london,North Greenwich,51.500574,0.0043201
578,london,Canada Water,51.4979299,-0.0498405
579,london,Moorgate,51.5182516,-0.0890625
580,london,Kensington (Olympia),51.497437,-0.2094954
581,london,Hammersmith (District and Piccadilly lines),51.4921398,-0.2233005
582,london,Tower Hill,51.5098481,-0.0766986
583,london,Earl's Court,51.4916123,-0.193903
584,london,Leyton,51.5568183,-0.0051322
585,london,East Putney,51.4586138,-0.2112429
586,london,Temple,51.5109659,-0.1143345
587,london,Covent Garden,51.5130942,-0.1242695
588,london,St. John's Wood,51.5353523,-0.1742097
589,london,East Ham,51.5394005,0.0526042
590,london,Bromley-by-Bow,51.5246287,-0.0123189
591,london,Canary Wharf (Jubilee line),51.5035036,-0.0186272
592,london,Kensal Green,51.5306063,-0.2244449
593,london,West Hampstead,51.5468194,-0.1899646
594,london,Bermondsey,51.4977004,-0.0643453
595,london,Green Park,51.5066192,-0.1429113
596,london,Goldhawk Road,51.5017564,-0.2265662
597,london,Shepherd's Bush,51.5043576,-0.2183251
598,london,Latimer Road,51.5134749,-0.2177873
599,london,Kilburn Park,51.5350704,-0.1943721
600,london,Royal Oak,51.5190222,-0.1874439
601,london,Bayswater,51.5122764,-0.1883854
602,london,High Street Kensington,51.5002995,-0.1921096
603,london,Gloucester Road,51.4945266,-0.1837696
604,london,Marble Arch,51.513435,-0.1582531
605,london,Great Portland Street,51.5238146,-0.1437048
606,london,Warren Street,51.5247178,-0.1385303
607,london,Goodge Street,51.5205978,-0.1343573
608,london,Highbury & Islington,51.5463679,-0.1036544
609,london,Willesden Green,51.5493524,-0.222223
610,london,Kilburn,51.5469889,-0.2053385
611,london,Dollis Hill,51.5519625,-0.2390214
612,london,Westbourne Park,51.5209265,-0.2014098
613,london,Barking,51.5402677,0.0793235
614,london,Ladbroke Grove,51.5172639,-0.2111019
615,london,Queen's Park,51.533873,-0.2054958
616,london,Holland Park,51.5071908,-0.2055243
617,london,Euston Square,51.5256866,-0.1355703
618,london,Queensway,51.5104729,-0.1872329
619,london,Regent's Park,51.5236277,-0.1466357
620,london,Maida Vale,51.5297928,-0.1857906
621,london,Borough,51.5012094,-0.0935834
622,london,Bethnal Green,51.5272449,-0.054752
623,london,Nine Elms,51.4801837,-0.1296937
624,london,Battersea Power Station,51.4796154,-0.1429709
625,paris,Malakoff - Rue Étienne Dolet,48.8151929,2.2973418
626,paris,Les Sablons,48.8809365,2.2722281
627,paris,Franklin D. Roosevelt,48.8690339,2.3099266
628,paris,Tuileries,48.8645194,2.3296312
629,paris,Châtelet,48.8587782,2.3474106
630,paris,Saint-Paul,48.8553844,2.3604068
631,paris,Marcel Sembat,48.8336468,2.2435931
632,paris,La Motte-Picquet - Grenelle,48.8489809,2.2981916
633,paris,Cambronne,48.8475232,2.3029457
634,paris,Dupleix,48.8504095,2.2936611
635,paris,Mairie d'Issy,48.824163,2.2731685
636,paris,Corentin Celton,48.8270637,2.279363
637,paris,Convention,48.8372872,2.2966539
638,paris,Porte d'Orléans,48.8236307,2.3256075
639,paris,Alésia,48.8280318,2.3270406
640,paris,Mouton-Duvernet,48.8312786,2.3298657
641,paris,Saint-Jacques,48.8329806,2.3368199
642,paris,Glacière,48.8311451,2.3434916
643,paris,Place d'Italie,48.8309446,2.3558932
644,paris,Nationale,48.8331995,2.3628272
645,paris,Chevaleret,48.83495,2.3681023
646,paris,Quai de la Gare,48.8370444,2.3728619
647,paris,Stalingrad,48.8842416,2.3670741
648,paris,Nation,48.847611,2.3955668
649,paris,Buttes Chaumont,48.8783961,2.3812008
650,paris,Bolivar,48.8809263,2.3739077
651,paris,Buzenval,48.8518248,2.4013274
652,paris,Ménilmontant,48.8667079,2.3833739
653,paris,Père Lachaise,48.8629496,2.3874348
654,paris,Philippe Auguste,48.8582563,2.3901666
655,paris,Alexandre Dumas,48.85634,2.3944352
656,paris,Belleville,48.872035,2.3768798
657,paris,Couronnes,48.869062,2.3804698
658,paris,Colonel Fabien,48.8774215,2.3710197
659,paris,Blanche,48.8835274,2.3335853
660,paris,Place de Clichy,48.8834776,2.3272899
661,paris,Rome,48.8823012,2.3213298
662,paris,Villiers,48.8811181,2.3149118
663,paris,Monceau,48.8803157,2.3086415
664,paris,Porte Dauphine,48.8711895,2.2783699
665,paris,Rue Saint-Maur,48.864335,2.3794817
666,paris,Parmentier,48.8653571,2.3739035
667,paris,Arts et Métiers,48.8654718,2.3561116
668,paris,Bourse,48.8686539,2.3414383
669,paris,Quatre Septembre,48.8695929,2.3358665
670,paris,Opéra,48.8706446,2.33233
671,paris,Havre - Caumartin,48.8736792,2.3273189
672,paris,Malesherbes,48.8829752,2.3089995
673,paris,Wagram,48.8840526,2.3037389
674,paris,Pereire,48.8848183,2.298274
675,paris,Vaugirard,48.839587,2.3012795
676,paris,Volontaires,48.8415334,2.3080102
677,paris,Falguière,48.8444916,2.317965
678,paris,Duroc,48.8468433,2.3166286
679,paris,Bel-Air,48.8413382,2.4009129
680,paris,Marx Dormoy,48.8905061,2.3599967
681,paris,Jacques Bonsergent,48.8711191,2.3607546
682,paris,Anatole France,48.8920499,2.2850318
683,paris,Pont de Levallois - Bécon,48.8971408,2.2803973
684,paris,Louise Michel,48.8882803,2.2884734
685,paris,Maraîchers,48.8527267,2.4061303
686,paris,Robespierre,48.8558145,2.4237108
687,paris,Rue des Boulets,48.8525808,2.3887914
688,paris,Charonne,48.8547411,2.3853043
689,paris,Voltaire,48.8581794,2.3798223
690,paris,Saint-Ambroise,48.8610434,2.3747264
691,paris,Oberkampf,48.8641124,2.3694232
692,paris,Bonne Nouvelle,48.8705324,2.3487457
693,paris,Grands Boulevards,48.8714412,2.3434953
694,paris,Saint-Augustin,48.874471,2.3217921
695,paris,Cardinal Lemoine,48.8465303,2.3518356
696,paris,Maubert - Mutualité,48.8500649,2.3484301
697,paris,Cluny-La Sorbonne,48.8510938,2.3441587
698,paris,Mabillon,48.8528857,2.3349394
699,paris,Balard,48.8363968,2.278379
700,paris,Lourmel,48.8387364,2.2821481
701,paris,Boucicaut,48.8410837,2.2879218
702,paris,Félix Faure,48.8426775,2.2917792
703,paris,Dugommier,48.8390379,2.3897217
704,paris,Bercy,48.8401549,2.3799474
705,paris,Montparnasse-Bienvenüe,48.8421022,2.3202714
706,paris,Pasteur,48.8429336,2.3125906
707,paris,Kléber,48.8716801,2.2935185
708,paris,Passy,48.8575009,2.285778
709,paris,Iéna,48.8646177,2.2937179
710,paris,Rue de la Pompe,48.8640672,2.278149
711,paris,La Muette,48.8579754,2.274062
712,paris,Ranelagh,48.8555764,2.2702166
713,paris,Jasmin,48.8525598,2.2681802
714,paris,Michel-Ange - Molitor,48.8450092,2.26111
715,paris,Exelmans,48.8430044,2.2600472
716,paris,Porte de Saint-Cloud,48.8377707,2.2565741
717,paris,Alma-Marceau,48.8648683,2.300292
718,paris,Saint-Philippe du Roule,48.8723362,2.3100827
719,paris,Miromesnil,48.873719,2.3145029
720,paris,Sèvres-Babylone,48.8514598,2.3268704
721,paris,Brochant,48.8905757,2.3202004
722,paris,La Fourche,48.886971,2.3258228
723,paris,Ségur,48.8469753,2.3074451
724,paris,Avenue Émile Zola,48.8469751,2.2953222
725,paris,Assemblée Nationale,48.8606922,2.3210377
726,paris,Solférino,48.8586551,2.3229865
727,paris,Rennes,48.848198,2.3277771
728,paris,Notre-Dame des Champs,48.8446836,2.3288039
729,paris,Commerce,48.8447112,2.2938643
730,paris,École Militaire,48.8546647,2.3060728
731,paris,La Tour Maubourg,48.8575602,2.3103234
732,paris,Filles du Calvaire,48.8633194,2.3666323
733,paris,Saint-Sébastien - Froissart,48.8611816,2.367234
734,paris,Chemin Vert,48.8574434,2.3681408
735,paris,Ledru-Rollin,48.8512945,2.3760274
736,paris,Faidherbe — Chaligny,48.8501609,2.3842222
737,paris,Montgallet,48.844304,2.3901962
738,paris,Michel Bizot,48.8370694,2.4024586
739,paris,Liberté,48.8264064,2.406201
740,paris,Porte Dorée,48.8352765,2.4061775
741,paris,Picpus,48.8450724,2.4010857
742,paris,Porte de Charenton,48.8322315,2.3990408
743,paris,Trinité d'Estienne d'Orves,48.8763067,2.3326426
744,paris,Notre-Dame de Lorette,48.8760191,2.3385341
745,paris,Saint-Georges,48.8784466,2.3374748
746,paris,Abbesses,48.8845853,2.3379012
747,paris,Lamarck - Caulaincourt,48.8897556,2.3387677
748,paris,Jules Joffrin,48.8925349,2.3446536
749,paris,Porte de la Chapelle,48.8977035,2.3594563
750,paris,Simplon,48.8938481,2.3478412
751,paris,Gare de l'Est,48.8762027,2.3579127
752,paris,Cité,48.8553245,2.347542
753,paris,Saint-Michel,48.8532864,2.3435081
754,paris,Saint-Germain-des-Prés,48.8536304,2.334471
755,paris,Saint-Placide,48.847098,2.3270206
756,paris,Vavin,48.8422164,2.3290114
757,paris,Charles Michels,48.84647,2.2858803
758,paris,Javel - André Citroën,48.8461781,2.2782825
759,paris,Église d'Auteuil,48.8473124,2.2686366
760,paris,Porte d'Auteuil,48.8480881,2.2587539
761,paris,Chardon-Lagache,48.8454285,2.2671305
762,paris,Mirabeau,48.8468116,2.2716976
763,paris,Boulogne - Jean Jaurès,48.8421141,2.2393674
764,paris,Boulogne - Pont de Saint-Cloud,48.8408383,2.2283263
765,paris,Goncourt,48.8699854,2.3710671
766,paris,Pyrénées,48.8738565,2.3852638
767,paris,Jourdain,48.8750944,2.38933
768,paris,Bréguet-Sabin,48.8566333,2.3704333
769,paris,Richard Lenoir,48.8602134,2.3720741
770,paris,Riquet,48.8884812,2.3742226
771,paris,Crimée,48.8908513,2.3773681
772,paris,Corentin Cariou,48.8947282,2.3823046
773,paris,Porte de la Villette,48.8974039,2.385591
774,paris,Sully - Morland,48.8513954,2.3618174
775,paris,Pont Marie,48.8537872,2.3565905
776,paris,Place Monge,48.8429053,2.3522772
777,paris,Censier - Daubenton,48.8406473,2.3519334
778,paris,Les Gobelins,48.8356304,2.3526735
779,paris,Danube,48.8819488,2.393338
780,paris,Saint-Fargeau,48.8715218,2.4043104
781,paris,Pelleport,48.8680997,2.4013152
782,paris,Saint-Marcel,48.8382761,2.3608491
783,paris,Guy Môquet,48.8927389,2.3273435
784,paris,Porte de Saint-Ouen,48.8971558,2.3288425
785,paris,Tolbiac,48.8260904,2.3573505
786,paris,Maison Blanche,48.8214639,2.3587863
787,paris,Champs-Élysées - Clemenceau,48.8678551,2.3138686
788,paris,École Vétérinaire de Maisons-Alfort,48.8150196,2.4217316
789,paris,Charenton-Écoles,48.8215612,2.4137829
790,paris,Le Kremlin-Bicêtre,48.810328,2.3622359
791,paris,Saint-Sulpice,48.8511009,2.3307034
792,paris,Château Landon,48.8788923,2.3624779
793,paris,Bir-Hakeim,48.8538898,2.2893811
794,paris,Billancourt,48.8317043,2.2372367
795,paris,Pont de Sèvres,48.8296692,2.2308438
796,paris,Porte de Choisy,48.8201241,2.3647858
797,paris,Pierre et Marie Curie,48.8159011,2.3773455
798,paris,Vaneau,48.8491519,2.3218529
799,paris,Ternes,48.8783132,2.2990737
800,paris,Avron,48.851501,2.3982195
801,paris,Marcadet - Poissonniers,48.8914837,2.3497296
802,paris,Sèvres-Lecourbe,48.8456163,2.3095848
803,paris,Porte de Clignancourt,48.8973976,2.3448521
804,paris,Europe,48.8787706,2.3222823
805,paris,Botzaris,48.879514,2.3885871
806,paris,Jaurès,48.8825949,2.3703263
807,paris,Porte de Vanves,48.827676,2.3054796
808,paris,Place des Fêtes,48.8768713,2.3932057
809,paris,Stalingrad,48.8851627,2.3702373
810,paris,Mairie de Montrouge,48.8179643,2.3192501
811,paris,Porte de Montreuil,48.8535352,2.4106565
812,paris,Porte Maillot,48.8777372,2.2827016
813,paris,Serge Gainsbourg,48.8813599,2.4274377
814,paris,République,48.8676215,2.3637014
815,paris,Anvers,48.8828803,2.3442565
816,paris,La Chapelle,48.8844068,2.3603057
817,paris,Quai de la Rapée,48.8464813,2.3659024
818,paris,Sentier,48.8677209,2.3457562
819,paris,Gare d'Austerlitz,48.8423727,2.3656105
820,paris,Saint-Lazare,48.8754153,2.3253531
821,paris,La Défense - Grande Arche,48.8922478,2.2369184
822,paris,Victor Hugo,48.8699395,2.2860712
823,paris,Concorde,48.8662052,2.3223767
824,paris,Invalides,48.8608923,2.3144984
825,paris,Trocadéro,48.863045,2.2871938
826,paris,Pigalle,48.8822982,2.3380899
827,paris,Château Rouge,48.8872884,2.3495532
828,paris,Jussieu,48.8459626,2.354801
829,paris,Charles de Gaulle — Étoile,48.8744088,2.295508
830,paris,Denfert-Rochereau,48.8342649,2.3326427
831,paris,Barbara,48.8092015,2.3177065
832,paris,Esplanade de La Défense,48.8880492,2.2500793
833,paris,Palais Royal - Musée du Louvre,48.8624906,2.3360431
834,paris,Montparnasse-Bienvenüe,48.8439336,2.3241027
835,paris,Bastille,48.852987,2.3688579
836,paris,Hôtel de Ville,48.8575406,2.3515397
837,paris,Strasbourg - Saint-Denis,48.8693002,2.3542855
838,paris,Barbès - Rochechouart,48.8837466,2.3496958
839,paris,Porte des Lilas,48.8769658,2.4064184
840,paris,Louis Blanc,48.8815943,2.3657982
841,paris,Bibliothèque François Mitterrand,48.8300059,2.3768474
842,paris,Gare de Lyon,48.8451709,2.3725553
843,paris,Gare du Nord (Métro),48.8795666,2.3572124
844,paris,Pont Neuf,48.8585776,2.3422202
845,paris,Les Halles,48.8624659,2.3460086
846,paris,Réaumur - Sébastopol,48.8662481,2.3526084
847,paris,Étienne Marcel,48.8638718,2.3490301
848,paris,Château d'Eau,48.8728888,2.3563528
849,paris,Chaussée d'Antin - La Fayette,48.8730441,2.3332127
850,paris,Le Peletier,48.8748603,2.340218
851,paris,Cadet,48.8759778,2.3444894
852,paris,Poissonnière,48.8771197,2.3487446
853,paris,Pyramides,48.8657452,2.3344687
854,paris,Porte d'Ivry,48.8216035,2.3693411
855,paris,Gambetta,48.8649327,2.3980541
856,paris,Argentine,48.8753357,2.2901322
857,paris,Courcelles,48.8794066,2.3043565
858,paris,Mairie d'Ivry,48.810989,2.3839772
859,paris,Porte de Bagnolet,48.8646027,2.407183
860,paris,Edgar Quinet,48.84111,2.3250699
861,paris,Olympiades,48.8270448,2.3664175
862,paris,Bobigny - Pantin - Raymond Queneau,48.8954065,2.42519
863,paris,Porte de Pantin,48.8886574,2.3926771
864,paris,Laumière,48.8851647,2.3794369
865,paris,Ourcq,48.8870772,2.38664
866,paris,Hoche,48.8912849,2.4025113
867,paris,Église de Pantin,48.8932459,2.4133107
868,paris,Porte de Versailles,48.8324338,2.2879537
869,paris,Rue du Bac,48.8551812,2.3257736
870,paris,Porte de Clichy,48.8944737,2.3134274
871,paris,Gallieni,48.8649458,2.4154775
872,paris,Châtillon-Montrouge,48.8108212,2.3016036
873,paris,Pont Cardinet,48.8895133,2.3153423
874,paris,Richelieu - Drouot,48.8719671,2.3392504
875,paris,Boissière,48.8670421,2.2900911
876,paris,Raspail,48.8389219,2.3307369
877,paris,Daumesnil,48.8395922,2.3962319
878,paris,Corvisart,48.8298024,2.3504805
879,paris,Saint-François-Xavier,48.8514517,2.3144205
880,paris,Varenne,48.8569057,2.3150837
881,paris,Porte de Clichy,48.8948169,2.3132665
882,paris,Pré Saint-Gervais,48.8802778,2.3988805
883,paris,Reuilly — Diderot,48.8473574,2.3867982
884,paris,Porte de Vincennes,48.8473367,2.408086
885,paris,Michel-Ange - Auteuil,48.8480025,2.2641679
886,paris,Saint-Mandé,48.8464372,2.4184429
887,paris,Odéon,48.8523043,2.3393706
888,paris,Liège,48.8796039,2.3270446
889,paris,Campo-Formio,48.8351162,2.3582026
890,paris,Mairie des Lilas,48.8797369,2.4160498
891,paris,Rambuteau,48.8617648,2.3537854
892,paris,Pernety,48.8339998,2.3181806
893,paris,Plaisance,48.8317665,2.3140421
894,paris,Malakoff - Plateau de Vanves,48.8225001,2.2985049
895,paris,Maison Blanche,48.8215588,2.3589582
896,paris,Gaîté,48.8386383,2.3225137
897,paris,Télégraphe,48.8754961,2.3989653
898,paris,Temple,48.8664946,2.3607078
899,paris,Maison Blanche,48.821569,2.3590197
900,paris,Cour Saint-Émilion,48.8335432,2.3859654
901,paris,George V,48.872076,2.3004214
902,paris,Louvre - Rivoli,48.860809,2.3411316
903,paris,Hôpital Bicêtre,48.8098797,2.3498218
904,paris,Porte d'Italie,48.819054,2.3594056
905,rome,Piramide,41.8748621,12.4824769
906,rome,Garbatella,41.8663389,12.4830592
907,rome,Cipro,41.9073662,12.4476984
908,rome,Quintiliani,41.9152477,12.5388163
909,rome,Bologna,41.9136627,12.5208145
910,rome,Repubblica,41.9028729,12.495825
911,rome,Barberini,41.903837,12.488764
912,rome,Spagna,41.9067933,12.4845057
913,rome,Flaminio,41.9128288,12.4771394
914,rome,Cinecittà,41.8493002,12.5743771
915,rome,Conca d'Oro,41.9397676,12.528141
916,rome,Lepanto,41.9113558,12.4661658
917,rome,Ottaviano,41.9094115,12.4583068
918,rome,Unknown,41.9028779,12.4413876
919,rome,Baldo degli Ubaldi,41.8988863,12.4330515
920,rome,Cornelia,41.9005296,12.4264211
921,rome,Battistini,41.9061381,12.4151007
922,rome,Manzoni,41.8903327,12.5068491
923,rome,Vittorio Emanuele,41.8948835,12.5044677
924,rome,Re di Roma,41.8816351,12.5144046
925,rome,Ponte Lungo,41.8778448,12.5189574
926,rome,Furio Camillo,41.8747435,12.5230203
927,rome,Colli Albani,41.8693853,12.5300898
928,rome,Arco di Travertino,41.8663812,12.5350994
929,rome,Porta Furba/Quadraro,41.86379,12.5482062
930,rome,Numidio Quadrato,41.8621329,12.5526576
931,rome,Lucio Sestio,41.8596969,12.5572829
932,rome,Giulio Agricola,41.8565979,12.5626327
933,rome,Subaugusta,41.8538307,12.5677011
934,rome,Libia,41.9317786,12.5192683
935,rome,Basilica San Paolo,41.855915,12.4782831
936,rome,Sant'Agnese/Annibaliano,41.9238641,12.5159334
937,rome,Gardenie,41.8862262,12.5621065
938,rome,Lodi,41.886837,12.518277
939,rome,Malatesta,41.8874172,12.5405216
940,rome,Mirti,41.8811308,12.5665706
941,rome,Pigneto,41.8885415,12.5282078
942,rome,Alessandrino,41.8712904,12.5788298
943,rome,Jonio,41.9468701,12.5275914
944,rome,San Giovanni,41.8854162,12.509997
945,rome,Termini,41.9016577,12.5007858
946,rome,EUR Magliana,41.8395011,12.4633643
947,rome,EUR Fermi,41.8288306,12.4708565
948,rome,Laurentina,41.8270353,12.4812994
949,rome,EUR Palasport,41.8300135,12.4667117
950,rome,Colosseo,41.8914422,12.4914777
951,rome,Castro Pretorio,41.9063006,12.5055597
952,rome,Policlinico,41.9086842,12.5121122
953,rome,Cavour,41.8948344,12.4935009
954,rome,Circo Massimo,41.8835164,12.488033
955,rome,Ponte Mammolo,41.9208043,12.5651321
956,rome,Monti Tiburtini,41.9157576,12.5480043
957,rome,Rebibbia,41.9257192,12.5728916
958,rome,Pietralata,41.9149475,12.5550901
959,rome,Tiburtina FS,41.9107996,12.5303175
960,rome,Santa Maria del Soccorso,41.9155472,12.5605694
961,vienna,Schlachthausgasse,48.1944138,16.4067471
962,vienna,Gasometer,48.1851441,16.4174702
963,vienna,Zippererstraße,48.1804386,16.4120644
964,vienna,Leopoldau,48.277582,16.4520703
965,vienna,Rochusgasse,48.2020851,16.3922544
966,vienna,Enkplatz,48.1747186,16.4147963
967,vienna,Kardinal-Nagl-Platz,48.1975587,16.3998831
968,vienna,Simmering,48.1697819,16.4205345
969,vienna,Landstraße,48.2057645,16.3856764
970,vienna,Meidling Hauptstraße,48.1836304,16.3281212
971,vienna,Alaudagasse,48.1536948,16.3823555
972,vienna,Altes Landgut,48.1622926,16.383225
973,vienna,Neulaa,48.1457661,16.3856058
974,vienna,Oberlaa,48.1423146,16.3998868
975,vienna,Troststraße,48.1690181,16.3802682
976,vienna,Bahnhof Meidling,48.1739672,16.3314815
977,vienna,Südtiroler Platz-Hauptbahnhof,48.187103,16.3734414
978,vienna,Handelskai,48.2417359,16.3854154
979,vienna,Heiligenstadt,48.2486697,16.3659272
980,vienna,Spittelau,48.2355915,16.358076
981,vienna,Spittelau,48.2350109,16.3585057
982,vienna,Stephansplatz,48.2080838,16.3715166
983,vienna,Taubstummengasse,48.1936873,16.3704158
984,vienna,Karlsplatz,48.200377,16.369601
985,vienna,Hütteldorf,48.1969493,16.2609148
986,vienna,Aspern Nord,48.2345026,16.5044888
987,vienna,Hausfeldstraße,48.2334122,16.485618
988,vienna,Seestadt,48.2262278,16.5083947
989,vienna,Messe-Prater,48.2177786,16.4049308
990,vienna,Praterstern,48.2197676,16.3930785
991,vienna,Praterstern,48.2184638,16.3941852
992,vienna,Braunschweiggasse,48.1894027,16.29582
993,vienna,Hietzing,48.1875762,16.3045807
994,vienna,Längenfeldgasse,48.1849175,16.3350685
995,vienna,Ober St. Veit,48.192234,16.2761736
996,vienna,Schönbrunn,48.1860172,16.3190474
997,vienna,Unter St. Veit,48.1910668,16.2863684
998,vienna,Stadtpark,48.202946,16.3798184
999,vienna,Kettenbrückengasse,48.1966328,16.358092
1000,vienna,Margaretengürtel,48.1884883,16.3430303
1001,vienna,Pilgramgasse,48.1921283,16.3542814
1002,vienna,Friedensbrücke,48.22771,16.364119
1003,vienna,Roßauer Lände,48.2223375,16.3675722
1004,vienna,Landstraße,48.2067908,16.3847802
1005,vienna,Schottenring,48.2173875,16.3723981
1006,vienna,Schwedenplatz,48.2117248,16.3785895
1007,vienna,Siebenhirten,48.130521,16.3098385
1008,vienna,Floridsdorf,48.2562384,16.4004908
1009,vienna,Alterlaa,48.1505196,16.3168475
1010,vienna,Am Schöpfwerk,48.1606776,16.3242066
1011,vienna,Erlaaer Straße,48.1419866,16.3165351
1012,vienna,Perfektastraße,48.1366232,16.3132527
1013,vienna,Tscherttegasse,48.1649777,16.3277927
1014,vienna,Niederhofstraße,48.1807684,16.331145
1015,vienna,Stadion,48.2104985,16.4204937
1016,vienna,Donaumarina,48.2063838,16.431461
1017,vienna,Krieau,48.2146912,16.4137446
1018,vienna,Aspernstraße,48.222586,16.4749418
1019,vienna,Donauspital,48.2194301,16.4666399
1020,vienna,Hardeggasse,48.2208849,16.4578116
1021,vienna,Stadlau,48.2197733,16.449558
1022,vienna,Donaustadtbrücke,48.2117999,16.440166
1023,vienna,Taborstraße,48.2192624,16.3815518
1024,vienna,Volkstheater,48.205275,16.3578591
1025,vienna,Großfeldsiedlung,48.2710952,16.4478821
1026,vienna,Aderklaaer Straße,48.2634265,16.4516287
1027,vienna,Rennbahnweg,48.2576086,16.4496328
1028,vienna,Kagraner Platz,48.2502254,16.4432539
1029,vienna,Kagran,48.2430028,16.4329191
1030,vienna,Alte Donau,48.2382709,16.4247729
1031,vienna,Westbahnhof,48.1958783,16.3379226
1032,vienna,Schweglerstraße,48.1976875,16.3286297
1033,vienna,Johnstraße,48.1976006,16.3205667
1034,vienna,Hütteldorfer Straße,48.2000837,16.3110744
1035,vienna,Kendlerstraße,48.2045707,16.3091223
1036,vienna,Keplerplatz,48.1793553,16.3761188
1037,vienna,Reumannplatz,48.174919,16.377918
1038,vienna,Kaisermühlen - VIC,48.232829,16.4164115
1039,vienna,Donauinsel,48.2292159,16.4113918
1040,vienna,Vorgartenstraße,48.2236328,16.4010572
1041,vienna,Nestroyplatz,48.2153104,16.3855453
1042,vienna,Ottakring,48.2110317,16.3113574
1043,vienna,Gumpendorfer Straße,48.1907374,16.3375442
1044,vienna,Westbahnhof,48.1968048,16.3391963
1045,vienna,Burggasse-Stadthalle,48.2033124,16.3371994
1046,vienna,Neue Donau,48.2462997,16.3947025
1047,vienna,Jägerstraße,48.235224,16.3687097
1048,vienna,Dresdner Straße,48.2373082,16.3802291
1049,vienna,Alser Straße,48.2167675,16.3418121
1050,vienna,Josefstädter Straße,48.2114659,16.3391653
1051,vienna,Michelbeuern-AKH,48.2211652,16.3441586
1052,vienna,Nußdorfer Straße,48.2313384,16.3524653
1053,vienna,Thaliastraße,48.2078001,16.3380073
1054,vienna,Währinger Straße-Volksoper,48.2256269,16.349517
1055,vienna,Schottentor,48.2150481,16.3629278
1056,vienna,Erdberg,48.1914136,16.4141569
1057,vienna,Herrengasse,48.209398,16.3656353
1058,vienna,Stubentor,48.2069483,16.3792758
1059,vienna,Neubaugasse,48.1993161,16.3526723
1060,vienna,Zieglergasse,48.197145,16.3462979
1061,vienna,Karlsplatz,48.2016089,16.369139
1062,vienna,Karlsplatz,48.2009786,16.3693116
1063,vienna,Schottenring,48.2165452,16.3719681
1064,vienna,Volkstheater,48.2057053,16.359254
1065,vienna,Schwedenplatz,48.2117909,16.3776525
1066,vienna,Stephansplatz,48.208419,16.3720045
